                  epoch,         train/box_loss,         train/cls_loss,         train/dfl_loss,   metrics/precision(B),      metrics/recall(B),       metrics/mAP50(B),    metrics/mAP50-95(B),           val/box_loss,           val/cls_loss,           val/dfl_loss,                 lr/pg0,                 lr/pg1,                 lr/pg2
                      0,                  1.561,                 2.6076,                 1.4907,                0.54669,                 0.4774,                0.48598,                0.27366,                 1.3992,                 1.6233,                 1.4049,               0.070199,              0.0033113,              0.0033113
                      1,                  1.436,                 1.5977,                 1.3737,                0.53336,                0.52504,                0.51405,                0.29775,                 1.4727,                 1.4571,                 1.4462,               0.040034,              0.0064801,              0.0064801
                      2,                 1.5271,                 1.6047,                 1.3921,                0.36688,                0.32263,                0.28592,                0.14944,                 1.8014,                 2.1478,                 1.6714,              0.0097048,               0.009484,               0.009484
